scene_id,surface_type_min,surface_type_max,surface_wind_min,surface_wind_max,cloud_fraction_min,cloud_fraction_max,cloud_phase_min,cloud_phase_max,optical_depth_min,optical_depth_max,solar_zenith_angle_min,solar_zenith_angle_max,viewing_zenith_angle_min,viewing_zenith_angle_max,relative_azimuth_angle_min,relative_azimuth_angle_max
1,0,1,,3.5,,0.1,,,,,0,180,0,90,0,360
2,0,1,3.5,5.5,,0.1,,,,,0,180,0,90,0,360
3,0,1,5.5,7.5,,0.1,,,,,0,180,0,90,0,360
4,0,1,7.5,,,0.1,,,,,0,180,0,90,0,360
11,1,2,,,,0.1,,,,,0,180,0,90,0,360
12,2,3,,,,0.1,,,,,0,180,0,90,0,360
13,3,4,,,,0.1,,,,,0,180,0,90,0,360
14,4,5,,,,0.1,,,,,0,180,0,90,0,360
15,0,1,,,0.1,10,1,2,0,1,0,180,0,90,0,360
16,0,1,,,0.1,10,1,2,1,2.5,0,180,0,90,0,360
17,0,1,,,0.1,10,1,2,2.5,5,0,180,0,90,0,360
18,0,1,,,0.1,10,1,2,5,7.5,0,180,0,90,0,360
19,0,1,,,0.1,10,1,2,7.5,10,0,180,0,90,0,360
20,0,1,,,0.1,10,1,2,10,12.5,0,180,0,90,0,360
21,0,1,,,0.1,10,1,2,12.5,15,0,180,0,90,0,360
22,0,1,,,0.1,10,1,2,15,17.5,0,180,0,90,0,360
23,0,1,,,0.1,10,1,2,17.5,20,0,180,0,90,0,360
24,0,1,,,0.1,10,1,2,20,25,0,180,0,90,0,360
25,0,1,,,0.1,10,1,2,25,30,0,180,0,90,0,360
26,0,1,,,0.1,10,1,2,30,40,0,180,0,90,0,360
27,0,1,,,0.1,10,1,2,40,50,0,180,0,90,0,360
28,0,1,,,0.1,10,1,2,50,,0,180,0,90,0,360
29,0,1,,,10,20,1,2,0,1,0,180,0,90,0,360
30,0,1,,,10,20,1,2,1,2.5,0,180,0,90,0,360
31,0,1,,,10,20,1,2,2.5,5,0,180,0,90,0,360
32,0,1,,,10,20,1,2,5,7.5,0,180,0,90,0,360
33,0,1,,,10,20,1,2,7.5,10,0,180,0,90,0,360
34,0,1,,,10,20,1,2,10,12.5,0,180,0,90,0,360
35,0,1,,,10,20,1,2,12.5,15,0,180,0,90,0,360
36,0,1,,,10,20,1,2,15,17.5,0,180,0,90,0,360
37,0,1,,,10,20,1,2,17.5,20,0,180,0,90,0,360
38,0,1,,,10,20,1,2,20,25,0,180,0,90,0,360
39,0,1,,,10,20,1,2,25,30,0,180,0,90,0,360
40,0,1,,,10,20,1,2,30,40,0,180,0,90,0,360
41,0,1,,,10,20,1,2,40,50,0,180,0,90,0,360
42,0,1,,,10,20,1,2,50,,0,180,0,90,0,360
43,0,1,,,20,30,1,2,0,1,0,180,0,90,0,360
44,0,1,,,20,30,1,2,1,2.5,0,180,0,90,0,360
45,0,1,,,20,30,1,2,2.5,5,0,180,0,90,0,360
46,0,1,,,20,30,1,2,5,7.5,0,180,0,90,0,360
47,0,1,,,20,30,1,2,7.5,10,0,180,0,90,0,360
48,0,1,,,20,30,1,2,10,12.5,0,180,0,90,0,360
49,0,1,,,20,30,1,2,12.5,15,0,180,0,90,0,360
50,0,1,,,20,30,1,2,15,17.5,0,180,0,90,0,360
51,0,1,,,20,30,1,2,17.5,20,0,180,0,90,0,360
52,0,1,,,20,30,1,2,20,25,0,180,0,90,0,360
53,0,1,,,20,30,1,2,25,30,0,180,0,90,0,360
54,0,1,,,20,30,1,2,30,40,0,180,0,90,0,360
55,0,1,,,20,30,1,2,40,50,0,180,0,90,0,360
56,0,1,,,20,30,1,2,50,,0,180,0,90,0,360
57,0,1,,,30,40,1,2,0,1,0,180,0,90,0,360
58,0,1,,,30,40,1,2,1,2.5,0,180,0,90,0,360
59,0,1,,,30,40,1,2,2.5,5,0,180,0,90,0,360
60,0,1,,,30,40,1,2,5,7.5,0,180,0,90,0,360
61,0,1,,,30,40,1,2,7.5,10,0,180,0,90,0,360
62,0,1,,,30,40,1,2,10,12.5,0,180,0,90,0,360
63,0,1,,,30,40,1,2,12.5,15,0,180,0,90,0,360
64,0,1,,,30,40,1,2,15,17.5,0,180,0,90,0,360
65,0,1,,,30,40,1,2,17.5,20,0,180,0,90,0,360
66,0,1,,,30,40,1,2,20,25,0,180,0,90,0,360
67,0,1,,,30,40,1,2,25,30,0,180,0,90,0,360
68,0,1,,,30,40,1,2,30,40,0,180,0,90,0,360
69,0,1,,,30,40,1,2,40,50,0,180,0,90,0,360
70,0,1,,,30,40,1,2,50,,0,180,0,90,0,360
71,0,1,,,40,50,1,2,0,1,0,180,0,90,0,360
72,0,1,,,40,50,1,2,1,2.5,0,180,0,90,0,360
73,0,1,,,40,50,1,2,2.5,5,0,180,0,90,0,360
74,0,1,,,40,50,1,2,5,7.5,0,180,0,90,0,360
75,0,1,,,40,50,1,2,7.5,10,0,180,0,90,0,360
76,0,1,,,40,50,1,2,10,12.5,0,180,0,90,0,360
77,0,1,,,40,50,1,2,12.5,15,0,180,0,90,0,360
78,0,1,,,40,50,1,2,15,17.5,0,180,0,90,0,360
79,0,1,,,40,50,1,2,17.5,20,0,180,0,90,0,360
80,0,1,,,40,50,1,2,20,25,0,180,0,90,0,360
81,0,1,,,40,50,1,2,25,30,0,180,0,90,0,360
82,0,1,,,40,50,1,2,30,40,0,180,0,90,0,360
83,0,1,,,40,50,1,2,40,50,0,180,0,90,0,360
84,0,1,,,40,50,1,2,50,,0,180,0,90,0,360
85,0,1,,,50,60,1,2,0,1,0,180,0,90,0,360
86,0,1,,,50,60,1,2,1,2.5,0,180,0,90,0,360
87,0,1,,,50,60,1,2,2.5,5,0,180,0,90,0,360
88,0,1,,,50,60,1,2,5,7.5,0,180,0,90,0,360
89,0,1,,,50,60,1,2,7.5,10,0,180,0,90,0,360
90,0,1,,,50,60,1,2,10,12.5,0,180,0,90,0,360
91,0,1,,,50,60,1,2,12.5,15,0,180,0,90,0,360
92,0,1,,,50,60,1,2,15,17.5,0,180,0,90,0,360
93,0,1,,,50,60,1,2,17.5,20,0,180,0,90,0,360
94,0,1,,,50,60,1,2,20,25,0,180,0,90,0,360
95,0,1,,,50,60,1,2,25,30,0,180,0,90,0,360
96,0,1,,,50,60,1,2,30,40,0,180,0,90,0,360
97,0,1,,,50,60,1,2,40,50,0,180,0,90,0,360
98,0,1,,,50,60,1,2,50,,0,180,0,90,0,360
99,0,1,,,60,70,1,2,0,1,0,180,0,90,0,360
100,0,1,,,60,70,1,2,1,2.5,0,180,0,90,0,360
101,0,1,,,60,70,1,2,2.5,5,0,180,0,90,0,360
102,0,1,,,60,70,1,2,5,7.5,0,180,0,90,0,360
103,0,1,,,60,70,1,2,7.5,10,0,180,0,90,0,360
104,0,1,,,60,70,1,2,10,12.5,0,180,0,90,0,360
105,0,1,,,60,70,1,2,12.5,15,0,180,0,90,0,360
106,0,1,,,60,70,1,2,15,17.5,0,180,0,90,0,360
107,0,1,,,60,70,1,2,17.5,20,0,180,0,90,0,360
108,0,1,,,60,70,1,2,20,25,0,180,0,90,0,360
109,0,1,,,60,70,1,2,25,30,0,180,0,90,0,360
110,0,1,,,60,70,1,2,30,40,0,180,0,90,0,360
111,0,1,,,60,70,1,2,40,50,0,180,0,90,0,360
112,0,1,,,60,70,1,2,50,,0,180,0,90,0,360
113,0,1,,,70,80,1,2,0,1,0,180,0,90,0,360
114,0,1,,,70,80,1,2,1,2.5,0,180,0,90,0,360
115,0,1,,,70,80,1,2,2.5,5,0,180,0,90,0,360
116,0,1,,,70,80,1,2,5,7.5,0,180,0,90,0,360
117,0,1,,,70,80,1,2,7.5,10,0,180,0,90,0,360
118,0,1,,,70,80,1,2,10,12.5,0,180,0,90,0,360
119,0,1,,,70,80,1,2,12.5,15,0,180,0,90,0,360
120,0,1,,,70,80,1,2,15,17.5,0,180,0,90,0,360
121,0,1,,,70,80,1,2,17.5,20,0,180,0,90,0,360
122,0,1,,,70,80,1,2,20,25,0,180,0,90,0,360
123,0,1,,,70,80,1,2,25,30,0,180,0,90,0,360
124,0,1,,,70,80,1,2,30,40,0,180,0,90,0,360
125,0,1,,,70,80,1,2,40,50,0,180,0,90,0,360
126,0,1,,,70,80,1,2,50,,0,180,0,90,0,360
127,0,1,,,80,90,1,2,0,1,0,180,0,90,0,360
128,0,1,,,80,90,1,2,1,2.5,0,180,0,90,0,360
129,0,1,,,80,90,1,2,2.5,5,0,180,0,90,0,360
130,0,1,,,80,90,1,2,5,7.5,0,180,0,90,0,360
131,0,1,,,80,90,1,2,7.5,10,0,180,0,90,0,360
132,0,1,,,80,90,1,2,10,12.5,0,180,0,90,0,360
133,0,1,,,80,90,1,2,12.5,15,0,180,0,90,0,360
134,0,1,,,80,90,1,2,15,17.5,0,180,0,90,0,360
135,0,1,,,80,90,1,2,17.5,20,0,180,0,90,0,360
136,0,1,,,80,90,1,2,20,25,0,180,0,90,0,360
137,0,1,,,80,90,1,2,25,30,0,180,0,90,0,360
138,0,1,,,80,90,1,2,30,40,0,180,0,90,0,360
139,0,1,,,80,90,1,2,40,50,0,180,0,90,0,360
140,0,1,,,80,90,1,2,50,,0,180,0,90,0,360
141,0,1,,,90,95,1,2,0,1,0,180,0,90,0,360
142,0,1,,,90,95,1,2,1,2.5,0,180,0,90,0,360
143,0,1,,,90,95,1,2,2.5,5,0,180,0,90,0,360
144,0,1,,,90,95,1,2,5,7.5,0,180,0,90,0,360
145,0,1,,,90,95,1,2,7.5,10,0,180,0,90,0,360
146,0,1,,,90,95,1,2,10,12.5,0,180,0,90,0,360
147,0,1,,,90,95,1,2,12.5,15,0,180,0,90,0,360
148,0,1,,,90,95,1,2,15,17.5,0,180,0,90,0,360
149,0,1,,,90,95,1,2,17.5,20,0,180,0,90,0,360
150,0,1,,,90,95,1,2,20,25,0,180,0,90,0,360
151,0,1,,,90,95,1,2,25,30,0,180,0,90,0,360
152,0,1,,,90,95,1,2,30,40,0,180,0,90,0,360
153,0,1,,,90,95,1,2,40,50,0,180,0,90,0,360
154,0,1,,,90,95,1,2,50,,0,180,0,90,0,360
155,0,1,,,95,99.9,1,2,0,1,0,180,0,90,0,360
156,0,1,,,95,99.9,1,2,1,2.5,0,180,0,90,0,360
157,0,1,,,95,99.9,1,2,2.5,5,0,180,0,90,0,360
158,0,1,,,95,99.9,1,2,5,7.5,0,180,0,90,0,360
159,0,1,,,95,99.9,1,2,7.5,10,0,180,0,90,0,360
160,0,1,,,95,99.9,1,2,10,12.5,0,180,0,90,0,360
161,0,1,,,95,99.9,1,2,12.5,15,0,180,0,90,0,360
162,0,1,,,95,99.9,1,2,15,17.5,0,180,0,90,0,360
163,0,1,,,95,99.9,1,2,17.5,20,0,180,0,90,0,360
164,0,1,,,95,99.9,1,2,20,25,0,180,0,90,0,360
165,0,1,,,95,99.9,1,2,25,30,0,180,0,90,0,360
166,0,1,,,95,99.9,1,2,30,40,0,180,0,90,0,360
167,0,1,,,95,99.9,1,2,40,50,0,180,0,90,0,360
168,0,1,,,95,99.9,1,2,50,,0,180,0,90,0,360
169,0,1,,,99.9,,1,2,0,1,0,180,0,90,0,360
170,0,1,,,99.9,,1,2,1,2.5,0,180,0,90,0,360
171,0,1,,,99.9,,1,2,2.5,5,0,180,0,90,0,360
172,0,1,,,99.9,,1,2,5,7.5,0,180,0,90,0,360
173,0,1,,,99.9,,1,2,7.5,10,0,180,0,90,0,360
174,0,1,,,99.9,,1,2,10,12.5,0,180,0,90,0,360
175,0,1,,,99.9,,1,2,12.5,15,0,180,0,90,0,360
176,0,1,,,99.9,,1,2,15,17.5,0,180,0,90,0,360
177,0,1,,,99.9,,1,2,17.5,20,0,180,0,90,0,360
178,0,1,,,99.9,,1,2,20,25,0,180,0,90,0,360
179,0,1,,,99.9,,1,2,25,30,0,180,0,90,0,360
180,0,1,,,99.9,,1,2,30,40,0,180,0,90,0,360
181,0,1,,,99.9,,1,2,40,50,0,180,0,90,0,360
182,0,1,,,99.9,,1,2,50,,0,180,0,90,0,360
183,0,1,,,0.1,10,2,,0,1,0,180,0,90,0,360
184,0,1,,,0.1,10,2,,1,2.5,0,180,0,90,0,360
185,0,1,,,0.1,10,2,,2.5,5,0,180,0,90,0,360
186,0,1,,,0.1,10,2,,5,7.5,0,180,0,90,0,360
187,0,1,,,0.1,10,2,,7.5,10,0,180,0,90,0,360
188,0,1,,,0.1,10,2,,10,12.5,0,180,0,90,0,360
189,0,1,,,0.1,10,2,,12.5,15,0,180,0,90,0,360
190,0,1,,,0.1,10,2,,15,17.5,0,180,0,90,0,360
191,0,1,,,0.1,10,2,,17.5,20,0,180,0,90,0,360
192,0,1,,,0.1,10,2,,20,25,0,180,0,90,0,360
193,0,1,,,0.1,10,2,,25,30,0,180,0,90,0,360
194,0,1,,,0.1,10,2,,30,40,0,180,0,90,0,360
195,0,1,,,0.1,10,2,,40,50,0,180,0,90,0,360
196,0,1,,,0.1,10,2,,50,,0,180,0,90,0,360
197,0,1,,,10,20,2,,0,1,0,180,0,90,0,360
198,0,1,,,10,20,2,,1,2.5,0,180,0,90,0,360
199,0,1,,,10,20,2,,2.5,5,0,180,0,90,0,360
200,0,1,,,10,20,2,,5,7.5,0,180,0,90,0,360
201,0,1,,,10,20,2,,7.5,10,0,180,0,90,0,360
202,0,1,,,10,20,2,,10,12.5,0,180,0,90,0,360
203,0,1,,,10,20,2,,12.5,15,0,180,0,90,0,360
204,0,1,,,10,20,2,,15,17.5,0,180,0,90,0,360
205,0,1,,,10,20,2,,17.5,20,0,180,0,90,0,360
206,0,1,,,10,20,2,,20,25,0,180,0,90,0,360
207,0,1,,,10,20,2,,25,30,0,180,0,90,0,360
208,0,1,,,10,20,2,,30,40,0,180,0,90,0,360
209,0,1,,,10,20,2,,40,50,0,180,0,90,0,360
210,0,1,,,10,20,2,,50,,0,180,0,90,0,360
211,0,1,,,20,30,2,,0,1,0,180,0,90,0,360
212,0,1,,,20,30,2,,1,2.5,0,180,0,90,0,360
213,0,1,,,20,30,2,,2.5,5,0,180,0,90,0,360
214,0,1,,,20,30,2,,5,7.5,0,180,0,90,0,360
215,0,1,,,20,30,2,,7.5,10,0,180,0,90,0,360
216,0,1,,,20,30,2,,10,12.5,0,180,0,90,0,360
217,0,1,,,20,30,2,,12.5,15,0,180,0,90,0,360
218,0,1,,,20,30,2,,15,17.5,0,180,0,90,0,360
219,0,1,,,20,30,2,,17.5,20,0,180,0,90,0,360
220,0,1,,,20,30,2,,20,25,0,180,0,90,0,360
221,0,1,,,20,30,2,,25,30,0,180,0,90,0,360
222,0,1,,,20,30,2,,30,40,0,180,0,90,0,360
223,0,1,,,20,30,2,,40,50,0,180,0,90,0,360
224,0,1,,,20,30,2,,50,,0,180,0,90,0,360
225,0,1,,,30,40,2,,0,1,0,180,0,90,0,360
226,0,1,,,30,40,2,,1,2.5,0,180,0,90,0,360
227,0,1,,,30,40,2,,2.5,5,0,180,0,90,0,360
228,0,1,,,30,40,2,,5,7.5,0,180,0,90,0,360
229,0,1,,,30,40,2,,7.5,10,0,180,0,90,0,360
230,0,1,,,30,40,2,,10,12.5,0,180,0,90,0,360
231,0,1,,,30,40,2,,12.5,15,0,180,0,90,0,360
232,0,1,,,30,40,2,,15,17.5,0,180,0,90,0,360
233,0,1,,,30,40,2,,17.5,20,0,180,0,90,0,360
234,0,1,,,30,40,2,,20,25,0,180,0,90,0,360
235,0,1,,,30,40,2,,25,30,0,180,0,90,0,360
236,0,1,,,30,40,2,,30,40,0,180,0,90,0,360
237,0,1,,,30,40,2,,40,50,0,180,0,90,0,360
238,0,1,,,30,40,2,,50,,0,180,0,90,0,360
239,0,1,,,40,50,2,,0,1,0,180,0,90,0,360
240,0,1,,,40,50,2,,1,2.5,0,180,0,90,0,360
241,0,1,,,40,50,2,,2.5,5,0,180,0,90,0,360
242,0,1,,,40,50,2,,5,7.5,0,180,0,90,0,360
243,0,1,,,40,50,2,,7.5,10,0,180,0,90,0,360
244,0,1,,,40,50,2,,10,12.5,0,180,0,90,0,360
245,0,1,,,40,50,2,,12.5,15,0,180,0,90,0,360
246,0,1,,,40,50,2,,15,17.5,0,180,0,90,0,360
247,0,1,,,40,50,2,,17.5,20,0,180,0,90,0,360
248,0,1,,,40,50,2,,20,25,0,180,0,90,0,360
249,0,1,,,40,50,2,,25,30,0,180,0,90,0,360
250,0,1,,,40,50,2,,30,40,0,180,0,90,0,360
251,0,1,,,40,50,2,,40,50,0,180,0,90,0,360
252,0,1,,,40,50,2,,50,,0,180,0,90,0,360
253,0,1,,,50,60,2,,0,1,0,180,0,90,0,360
254,0,1,,,50,60,2,,1,2.5,0,180,0,90,0,360
255,0,1,,,50,60,2,,2.5,5,0,180,0,90,0,360
256,0,1,,,50,60,2,,5,7.5,0,180,0,90,0,360
257,0,1,,,50,60,2,,7.5,10,0,180,0,90,0,360
258,0,1,,,50,60,2,,10,12.5,0,180,0,90,0,360
259,0,1,,,50,60,2,,12.5,15,0,180,0,90,0,360
260,0,1,,,50,60,2,,15,17.5,0,180,0,90,0,360
261,0,1,,,50,60,2,,17.5,20,0,180,0,90,0,360
262,0,1,,,50,60,2,,20,25,0,180,0,90,0,360
263,0,1,,,50,60,2,,25,30,0,180,0,90,0,360
264,0,1,,,50,60,2,,30,40,0,180,0,90,0,360
265,0,1,,,50,60,2,,40,50,0,180,0,90,0,360
266,0,1,,,50,60,2,,50,,0,180,0,90,0,360
267,0,1,,,60,70,2,,0,1,0,180,0,90,0,360
268,0,1,,,60,70,2,,1,2.5,0,180,0,90,0,360
269,0,1,,,60,70,2,,2.5,5,0,180,0,90,0,360
270,0,1,,,60,70,2,,5,7.5,0,180,0,90,0,360
271,0,1,,,60,70,2,,7.5,10,0,180,0,90,0,360
272,0,1,,,60,70,2,,10,12.5,0,180,0,90,0,360
273,0,1,,,60,70,2,,12.5,15,0,180,0,90,0,360
274,0,1,,,60,70,2,,15,17.5,0,180,0,90,0,360
275,0,1,,,60,70,2,,17.5,20,0,180,0,90,0,360
276,0,1,,,60,70,2,,20,25,0,180,0,90,0,360
277,0,1,,,60,70,2,,25,30,0,180,0,90,0,360
278,0,1,,,60,70,2,,30,40,0,180,0,90,0,360
279,0,1,,,60,70,2,,40,50,0,180,0,90,0,360
280,0,1,,,60,70,2,,50,,0,180,0,90,0,360
281,0,1,,,70,80,2,,0,1,0,180,0,90,0,360
282,0,1,,,70,80,2,,1,2.5,0,180,0,90,0,360
283,0,1,,,70,80,2,,2.5,5,0,180,0,90,0,360
284,0,1,,,70,80,2,,5,7.5,0,180,0,90,0,360
285,0,1,,,70,80,2,,7.5,10,0,180,0,90,0,360
286,0,1,,,70,80,2,,10,12.5,0,180,0,90,0,360
287,0,1,,,70,80,2,,12.5,15,0,180,0,90,0,360
288,0,1,,,70,80,2,,15,17.5,0,180,0,90,0,360
289,0,1,,,70,80,2,,17.5,20,0,180,0,90,0,360
290,0,1,,,70,80,2,,20,25,0,180,0,90,0,360
291,0,1,,,70,80,2,,25,30,0,180,0,90,0,360
292,0,1,,,70,80,2,,30,40,0,180,0,90,0,360
293,0,1,,,70,80,2,,40,50,0,180,0,90,0,360
294,0,1,,,70,80,2,,50,,0,180,0,90,0,360
295,0,1,,,80,90,2,,0,1,0,180,0,90,0,360
296,0,1,,,80,90,2,,1,2.5,0,180,0,90,0,360
297,0,1,,,80,90,2,,2.5,5,0,180,0,90,0,360
298,0,1,,,80,90,2,,5,7.5,0,180,0,90,0,360
299,0,1,,,80,90,2,,7.5,10,0,180,0,90,0,360
300,0,1,,,80,90,2,,10,12.5,0,180,0,90,0,360
301,0,1,,,80,90,2,,12.5,15,0,180,0,90,0,360
302,0,1,,,80,90,2,,15,17.5,0,180,0,90,0,360
303,0,1,,,80,90,2,,17.5,20,0,180,0,90,0,360
304,0,1,,,80,90,2,,20,25,0,180,0,90,0,360
305,0,1,,,80,90,2,,25,30,0,180,0,90,0,360
306,0,1,,,80,90,2,,30,40,0,180,0,90,0,360
307,0,1,,,80,90,2,,40,50,0,180,0,90,0,360
308,0,1,,,80,90,2,,50,,0,180,0,90,0,360
309,0,1,,,90,95,2,,0,1,0,180,0,90,0,360
310,0,1,,,90,95,2,,1,2.5,0,180,0,90,0,360
311,0,1,,,90,95,2,,2.5,5,0,180,0,90,0,360
312,0,1,,,90,95,2,,5,7.5,0,180,0,90,0,360
313,0,1,,,90,95,2,,7.5,10,0,180,0,90,0,360
314,0,1,,,90,95,2,,10,12.5,0,180,0,90,0,360
315,0,1,,,90,95,2,,12.5,15,0,180,0,90,0,360
316,0,1,,,90,95,2,,15,17.5,0,180,0,90,0,360
317,0,1,,,90,95,2,,17.5,20,0,180,0,90,0,360
318,0,1,,,90,95,2,,20,25,0,180,0,90,0,360
319,0,1,,,90,95,2,,25,30,0,180,0,90,0,360
320,0,1,,,90,95,2,,30,40,0,180,0,90,0,360
321,0,1,,,90,95,2,,40,50,0,180,0,90,0,360
322,0,1,,,90,95,2,,50,,0,180,0,90,0,360
323,0,1,,,95,99.9,2,,0,1,0,180,0,90,0,360
324,0,1,,,95,99.9,2,,1,2.5,0,180,0,90,0,360
325,0,1,,,95,99.9,2,,2.5,5,0,180,0,90,0,360
326,0,1,,,95,99.9,2,,5,7.5,0,180,0,90,0,360
327,0,1,,,95,99.9,2,,7.5,10,0,180,0,90,0,360
328,0,1,,,95,99.9,2,,10,12.5,0,180,0,90,0,360
329,0,1,,,95,99.9,2,,12.5,15,0,180,0,90,0,360
330,0,1,,,95,99.9,2,,15,17.5,0,180,0,90,0,360
331,0,1,,,95,99.9,2,,17.5,20,0,180,0,90,0,360
332,0,1,,,95,99.9,2,,20,25,0,180,0,90,0,360
333,0,1,,,95,99.9,2,,25,30,0,180,0,90,0,360
334,0,1,,,95,99.9,2,,30,40,0,180,0,90,0,360
335,0,1,,,95,99.9,2,,40,50,0,180,0,90,0,360
336,0,1,,,95,99.9,2,,50,,0,180,0,90,0,360
337,0,1,,,99.9,,2,,0,1,0,180,0,90,0,360
338,0,1,,,99.9,,2,,1,2.5,0,180,0,90,0,360
339,0,1,,,99.9,,2,,2.5,5,0,180,0,90,0,360
340,0,1,,,99.9,,2,,5,7.5,0,180,0,90,0,360
341,0,1,,,99.9,,2,,7.5,10,0,180,0,90,0,360
342,0,1,,,99.9,,2,,10,12.5,0,180,0,90,0,360
343,0,1,,,99.9,,2,,12.5,15,0,180,0,90,0,360
344,0,1,,,99.9,,2,,15,17.5,0,180,0,90,0,360
345,0,1,,,99.9,,2,,17.5,20,0,180,0,90,0,360
346,0,1,,,99.9,,2,,20,25,0,180,0,90,0,360
347,0,1,,,99.9,,2,,25,30,0,180,0,90,0,360
348,0,1,,,99.9,,2,,30,40,0,180,0,90,0,360
349,0,1,,,99.9,,2,,40,50,0,180,0,90,0,360
350,0,1,,,99.9,,2,,50,,0,180,0,90,0,360
351,1,2,,,0.1,25,1,2,0,2.5,0,180,0,90,0,360
352,1,2,,,0.1,25,1,2,2.5,6,0,180,0,90,0,360
353,1,2,,,0.1,25,1,2,6,10,0,180,0,90,0,360
354,1,2,,,0.1,25,1,2,10,18,0,180,0,90,0,360
355,1,2,,,0.1,25,1,2,18,40,0,180,0,90,0,360
356,1,2,,,0.1,25,1,2,40,,0,180,0,90,0,360
357,1,2,,,25,50,1,2,0,2.5,0,180,0,90,0,360
358,1,2,,,25,50,1,2,2.5,6,0,180,0,90,0,360
359,1,2,,,25,50,1,2,6,10,0,180,0,90,0,360
360,1,2,,,25,50,1,2,10,18,0,180,0,90,0,360
361,1,2,,,25,50,1,2,18,40,0,180,0,90,0,360
362,1,2,,,25,50,1,2,40,,0,180,0,90,0,360
363,1,2,,,50,75,1,2,0,2.5,0,180,0,90,0,360
364,1,2,,,50,75,1,2,2.5,6,0,180,0,90,0,360
365,1,2,,,50,75,1,2,6,10,0,180,0,90,0,360
366,1,2,,,50,75,1,2,10,18,0,180,0,90,0,360
367,1,2,,,50,75,1,2,18,40,0,180,0,90,0,360
368,1,2,,,50,75,1,2,40,,0,180,0,90,0,360
369,1,2,,,75,99.9,1,2,0,2.5,0,180,0,90,0,360
370,1,2,,,75,99.9,1,2,2.5,6,0,180,0,90,0,360
371,1,2,,,75,99.9,1,2,6,10,0,180,0,90,0,360
372,1,2,,,75,99.9,1,2,10,18,0,180,0,90,0,360
373,1,2,,,75,99.9,1,2,18,40,0,180,0,90,0,360
374,1,2,,,75,99.9,1,2,40,,0,180,0,90,0,360
375,1,2,,,99.9,,1,2,0,2.5,0,180,0,90,0,360
376,1,2,,,99.9,,1,2,2.5,6,0,180,0,90,0,360
377,1,2,,,99.9,,1,2,6,10,0,180,0,90,0,360
378,1,2,,,99.9,,1,2,10,18,0,180,0,90,0,360
379,1,2,,,99.9,,1,2,18,40,0,180,0,90,0,360
380,1,2,,,99.9,,1,2,40,,0,180,0,90,0,360
381,1,2,,,0.1,25,2,,0,2.5,0,180,0,90,0,360
382,1,2,,,0.1,25,2,,2.5,6,0,180,0,90,0,360
383,1,2,,,0.1,25,2,,6,10,0,180,0,90,0,360
384,1,2,,,0.1,25,2,,10,18,0,180,0,90,0,360
385,1,2,,,0.1,25,2,,18,40,0,180,0,90,0,360
386,1,2,,,0.1,25,2,,40,,0,180,0,90,0,360
387,1,2,,,25,50,2,,0,2.5,0,180,0,90,0,360
388,1,2,,,25,50,2,,2.5,6,0,180,0,90,0,360
389,1,2,,,25,50,2,,6,10,0,180,0,90,0,360
390,1,2,,,25,50,2,,10,18,0,180,0,90,0,360
391,1,2,,,25,50,2,,18,40,0,180,0,90,0,360
392,1,2,,,25,50,2,,40,,0,180,0,90,0,360
393,1,2,,,50,75,2,,0,2.5,0,180,0,90,0,360
394,1,2,,,50,75,2,,2.5,6,0,180,0,90,0,360
395,1,2,,,50,75,2,,6,10,0,180,0,90,0,360
396,1,2,,,50,75,2,,10,18,0,180,0,90,0,360
397,1,2,,,50,75,2,,18,40,0,180,0,90,0,360
398,1,2,,,50,75,2,,40,,0,180,0,90,0,360
399,1,2,,,75,99.9,2,,0,2.5,0,180,0,90,0,360
400,1,2,,,75,99.9,2,,2.5,6,0,180,0,90,0,360
401,1,2,,,75,99.9,2,,6,10,0,180,0,90,0,360
402,1,2,,,75,99.9,2,,10,18,0,180,0,90,0,360
403,1,2,,,75,99.9,2,,18,40,0,180,0,90,0,360
404,1,2,,,75,99.9,2,,40,,0,180,0,90,0,360
405,1,2,,,99.9,,2,,0,2.5,0,180,0,90,0,360
406,1,2,,,99.9,,2,,2.5,6,0,180,0,90,0,360
407,1,2,,,99.9,,2,,6,10,0,180,0,90,0,360
408,1,2,,,99.9,,2,,10,18,0,180,0,90,0,360
409,1,2,,,99.9,,2,,18,40,0,180,0,90,0,360
410,1,2,,,99.9,,2,,40,,0,180,0,90,0,360
411,2,3,,,0.1,25,1,2,0,2.5,0,180,0,90,0,360
412,2,3,,,0.1,25,1,2,2.5,6,0,180,0,90,0,360
413,2,3,,,0.1,25,1,2,6,10,0,180,0,90,0,360
414,2,3,,,0.1,25,1,2,10,18,0,180,0,90,0,360
415,2,3,,,0.1,25,1,2,18,40,0,180,0,90,0,360
416,2,3,,,0.1,25,1,2,40,,0,180,0,90,0,360
417,2,3,,,25,50,1,2,0,2.5,0,180,0,90,0,360
418,2,3,,,25,50,1,2,2.5,6,0,180,0,90,0,360
419,2,3,,,25,50,1,2,6,10,0,180,0,90,0,360
420,2,3,,,25,50,1,2,10,18,0,180,0,90,0,360
421,2,3,,,25,50,1,2,18,40,0,180,0,90,0,360
422,2,3,,,25,50,1,2,40,,0,180,0,90,0,360
423,2,3,,,50,75,1,2,0,2.5,0,180,0,90,0,360
424,2,3,,,50,75,1,2,2.5,6,0,180,0,90,0,360
425,2,3,,,50,75,1,2,6,10,0,180,0,90,0,360
426,2,3,,,50,75,1,2,10,18,0,180,0,90,0,360
427,2,3,,,50,75,1,2,18,40,0,180,0,90,0,360
428,2,3,,,50,75,1,2,40,,0,180,0,90,0,360
429,2,3,,,75,99.9,1,2,0,2.5,0,180,0,90,0,360
430,2,3,,,75,99.9,1,2,2.5,6,0,180,0,90,0,360
431,2,3,,,75,99.9,1,2,6,10,0,180,0,90,0,360
432,2,3,,,75,99.9,1,2,10,18,0,180,0,90,0,360
433,2,3,,,75,99.9,1,2,18,40,0,180,0,90,0,360
434,2,3,,,75,99.9,1,2,40,,0,180,0,90,0,360
435,2,3,,,99.9,,1,2,0,2.5,0,180,0,90,0,360
436,2,3,,,99.9,,1,2,2.5,6,0,180,0,90,0,360
437,2,3,,,99.9,,1,2,6,10,0,180,0,90,0,360
438,2,3,,,99.9,,1,2,10,18,0,180,0,90,0,360
439,2,3,,,99.9,,1,2,18,40,0,180,0,90,0,360
440,2,3,,,99.9,,1,2,40,,0,180,0,90,0,360
441,2,3,,,0.1,25,2,,0,2.5,0,180,0,90,0,360
442,2,3,,,0.1,25,2,,2.5,6,0,180,0,90,0,360
443,2,3,,,0.1,25,2,,6,10,0,180,0,90,0,360
444,2,3,,,0.1,25,2,,10,18,0,180,0,90,0,360
445,2,3,,,0.1,25,2,,18,40,0,180,0,90,0,360
446,2,3,,,0.1,25,2,,40,,0,180,0,90,0,360
447,2,3,,,25,50,2,,0,2.5,0,180,0,90,0,360
448,2,3,,,25,50,2,,2.5,6,0,180,0,90,0,360
449,2,3,,,25,50,2,,6,10,0,180,0,90,0,360
450,2,3,,,25,50,2,,10,18,0,180,0,90,0,360
451,2,3,,,25,50,2,,18,40,0,180,0,90,0,360
452,2,3,,,25,50,2,,40,,0,180,0,90,0,360
453,2,3,,,50,75,2,,0,2.5,0,180,0,90,0,360
454,2,3,,,50,75,2,,2.5,6,0,180,0,90,0,360
455,2,3,,,50,75,2,,6,10,0,180,0,90,0,360
456,2,3,,,50,75,2,,10,18,0,180,0,90,0,360
457,2,3,,,50,75,2,,18,40,0,180,0,90,0,360
458,2,3,,,50,75,2,,40,,0,180,0,90,0,360
459,2,3,,,75,99.9,2,,0,2.5,0,180,0,90,0,360
460,2,3,,,75,99.9,2,,2.5,6,0,180,0,90,0,360
461,2,3,,,75,99.9,2,,6,10,0,180,0,90,0,360
462,2,3,,,75,99.9,2,,10,18,0,180,0,90,0,360
463,2,3,,,75,99.9,2,,18,40,0,180,0,90,0,360
464,2,3,,,75,99.9,2,,40,,0,180,0,90,0,360
465,2,3,,,99.9,,2,,0,2.5,0,180,0,90,0,360
466,2,3,,,99.9,,2,,2.5,6,0,180,0,90,0,360
467,2,3,,,99.9,,2,,6,10,0,180,0,90,0,360
468,2,3,,,99.9,,2,,10,18,0,180,0,90,0,360
469,2,3,,,99.9,,2,,18,40,0,180,0,90,0,360
470,2,3,,,99.9,,2,,40,,0,180,0,90,0,360
471,3,4,,,0.1,25,1,2,0,2.5,0,180,0,90,0,360
472,3,4,,,0.1,25,1,2,2.5,6,0,180,0,90,0,360
473,3,4,,,0.1,25,1,2,6,10,0,180,0,90,0,360
474,3,4,,,0.1,25,1,2,10,18,0,180,0,90,0,360
475,3,4,,,0.1,25,1,2,18,40,0,180,0,90,0,360
476,3,4,,,0.1,25,1,2,40,,0,180,0,90,0,360
477,3,4,,,25,50,1,2,0,2.5,0,180,0,90,0,360
478,3,4,,,25,50,1,2,2.5,6,0,180,0,90,0,360
479,3,4,,,25,50,1,2,6,10,0,180,0,90,0,360
480,3,4,,,25,50,1,2,10,18,0,180,0,90,0,360
481,3,4,,,25,50,1,2,18,40,0,180,0,90,0,360
482,3,4,,,25,50,1,2,40,,0,180,0,90,0,360
483,3,4,,,50,75,1,2,0,2.5,0,180,0,90,0,360
484,3,4,,,50,75,1,2,2.5,6,0,180,0,90,0,360
485,3,4,,,50,75,1,2,6,10,0,180,0,90,0,360
486,3,4,,,50,75,1,2,10,18,0,180,0,90,0,360
487,3,4,,,50,75,1,2,18,40,0,180,0,90,0,360
488,3,4,,,50,75,1,2,40,,0,180,0,90,0,360
489,3,4,,,75,99.9,1,2,0,2.5,0,180,0,90,0,360
490,3,4,,,75,99.9,1,2,2.5,6,0,180,0,90,0,360
491,3,4,,,75,99.9,1,2,6,10,0,180,0,90,0,360
492,3,4,,,75,99.9,1,2,10,18,0,180,0,90,0,360
493,3,4,,,75,99.9,1,2,18,40,0,180,0,90,0,360
494,3,4,,,75,99.9,1,2,40,,0,180,0,90,0,360
495,3,4,,,99.9,,1,2,0,2.5,0,180,0,90,0,360
496,3,4,,,99.9,,1,2,2.5,6,0,180,0,90,0,360
497,3,4,,,99.9,,1,2,6,10,0,180,0,90,0,360
498,3,4,,,99.9,,1,2,10,18,0,180,0,90,0,360
499,3,4,,,99.9,,1,2,18,40,0,180,0,90,0,360
500,3,4,,,99.9,,1,2,40,,0,180,0,90,0,360
501,3,4,,,0.1,25,2,,0,2.5,0,180,0,90,0,360
502,3,4,,,0.1,25,2,,2.5,6,0,180,0,90,0,360
503,3,4,,,0.1,25,2,,6,10,0,180,0,90,0,360
504,3,4,,,0.1,25,2,,10,18,0,180,0,90,0,360
505,3,4,,,0.1,25,2,,18,40,0,180,0,90,0,360
506,3,4,,,0.1,25,2,,40,,0,180,0,90,0,360
507,3,4,,,25,50,2,,0,2.5,0,180,0,90,0,360
508,3,4,,,25,50,2,,2.5,6,0,180,0,90,0,360
509,3,4,,,25,50,2,,6,10,0,180,0,90,0,360
510,3,4,,,25,50,2,,10,18,0,180,0,90,0,360
511,3,4,,,25,50,2,,18,40,0,180,0,90,0,360
512,3,4,,,25,50,2,,40,,0,180,0,90,0,360
513,3,4,,,50,75,2,,0,2.5,0,180,0,90,0,360
514,3,4,,,50,75,2,,2.5,6,0,180,0,90,0,360
515,3,4,,,50,75,2,,6,10,0,180,0,90,0,360
516,3,4,,,50,75,2,,10,18,0,180,0,90,0,360
517,3,4,,,50,75,2,,18,40,0,180,0,90,0,360
518,3,4,,,50,75,2,,40,,0,180,0,90,0,360
519,3,4,,,75,99.9,2,,0,2.5,0,180,0,90,0,360
520,3,4,,,75,99.9,2,,2.5,6,0,180,0,90,0,360
521,3,4,,,75,99.9,2,,6,10,0,180,0,90,0,360
522,3,4,,,75,99.9,2,,10,18,0,180,0,90,0,360
523,3,4,,,75,99.9,2,,18,40,0,180,0,90,0,360
524,3,4,,,75,99.9,2,,40,,0,180,0,90,0,360
525,3,4,,,99.9,,2,,0,2.5,0,180,0,90,0,360
526,3,4,,,99.9,,2,,2.5,6,0,180,0,90,0,360
527,3,4,,,99.9,,2,,6,10,0,180,0,90,0,360
528,3,4,,,99.9,,2,,10,18,0,180,0,90,0,360
529,3,4,,,99.9,,2,,18,40,0,180,0,90,0,360
530,3,4,,,99.9,,2,,40,,0,180,0,90,0,360
531,4,5,,,0.1,25,1,2,0,2.5,0,180,0,90,0,360
532,4,5,,,0.1,25,1,2,2.5,6,0,180,0,90,0,360
533,4,5,,,0.1,25,1,2,6,10,0,180,0,90,0,360
534,4,5,,,0.1,25,1,2,10,18,0,180,0,90,0,360
535,4,5,,,0.1,25,1,2,18,40,0,180,0,90,0,360
536,4,5,,,0.1,25,1,2,40,,0,180,0,90,0,360
537,4,5,,,25,50,1,2,0,2.5,0,180,0,90,0,360
538,4,5,,,25,50,1,2,2.5,6,0,180,0,90,0,360
539,4,5,,,25,50,1,2,6,10,0,180,0,90,0,360
540,4,5,,,25,50,1,2,10,18,0,180,0,90,0,360
541,4,5,,,25,50,1,2,18,40,0,180,0,90,0,360
542,4,5,,,25,50,1,2,40,,0,180,0,90,0,360
543,4,5,,,50,75,1,2,0,2.5,0,180,0,90,0,360
544,4,5,,,50,75,1,2,2.5,6,0,180,0,90,0,360
545,4,5,,,50,75,1,2,6,10,0,180,0,90,0,360
546,4,5,,,50,75,1,2,10,18,0,180,0,90,0,360
547,4,5,,,50,75,1,2,18,40,0,180,0,90,0,360
548,4,5,,,50,75,1,2,40,,0,180,0,90,0,360
549,4,5,,,75,99.9,1,2,0,2.5,0,180,0,90,0,360
550,4,5,,,75,99.9,1,2,2.5,6,0,180,0,90,0,360
551,4,5,,,75,99.9,1,2,6,10,0,180,0,90,0,360
552,4,5,,,75,99.9,1,2,10,18,0,180,0,90,0,360
553,4,5,,,75,99.9,1,2,18,40,0,180,0,90,0,360
554,4,5,,,75,99.9,1,2,40,,0,180,0,90,0,360
555,4,5,,,99.9,,1,2,0,2.5,0,180,0,90,0,360
556,4,5,,,99.9,,1,2,2.5,6,0,180,0,90,0,360
557,4,5,,,99.9,,1,2,6,10,0,180,0,90,0,360
558,4,5,,,99.9,,1,2,10,18,0,180,0,90,0,360
559,4,5,,,99.9,,1,2,18,40,0,180,0,90,0,360
560,4,5,,,99.9,,1,2,40,,0,180,0,90,0,360
561,4,5,,,0.1,25,2,,0,2.5,0,180,0,90,0,360
562,4,5,,,0.1,25,2,,2.5,6,0,180,0,90,0,360
563,4,5,,,0.1,25,2,,6,10,0,180,0,90,0,360
564,4,5,,,0.1,25,2,,10,18,0,180,0,90,0,360
565,4,5,,,0.1,25,2,,18,40,0,180,0,90,0,360
566,4,5,,,0.1,25,2,,40,,0,180,0,90,0,360
567,4,5,,,25,50,2,,0,2.5,0,180,0,90,0,360
568,4,5,,,25,50,2,,2.5,6,0,180,0,90,0,360
569,4,5,,,25,50,2,,6,10,0,180,0,90,0,360
570,4,5,,,25,50,2,,10,18,0,180,0,90,0,360
571,4,5,,,25,50,2,,18,40,0,180,0,90,0,360
572,4,5,,,25,50,2,,40,,0,180,0,90,0,360
573,4,5,,,50,75,2,,0,2.5,0,180,0,90,0,360
574,4,5,,,50,75,2,,2.5,6,0,180,0,90,0,360
575,4,5,,,50,75,2,,6,10,0,180,0,90,0,360
576,4,5,,,50,75,2,,10,18,0,180,0,90,0,360
577,4,5,,,50,75,2,,18,40,0,180,0,90,0,360
578,4,5,,,50,75,2,,40,,0,180,0,90,0,360
579,4,5,,,75,99.9,2,,0,2.5,0,180,0,90,0,360
580,4,5,,,75,99.9,2,,2.5,6,0,180,0,90,0,360
581,4,5,,,75,99.9,2,,6,10,0,180,0,90,0,360
582,4,5,,,75,99.9,2,,10,18,0,180,0,90,0,360
583,4,5,,,75,99.9,2,,18,40,0,180,0,90,0,360
584,4,5,,,75,99.9,2,,40,,0,180,0,90,0,360
585,4,5,,,99.9,,2,,0,2.5,0,180,0,90,0,360
586,4,5,,,99.9,,2,,2.5,6,0,180,0,90,0,360
587,4,5,,,99.9,,2,,6,10,0,180,0,90,0,360
588,4,5,,,99.9,,2,,10,18,0,180,0,90,0,360
589,4,5,,,99.9,,2,,18,40,0,180,0,90,0,360
590,4,5,,,99.9,,2,,40,,0,180,0,90,0,360
591,5,6,,,0.1,25,1,2,0,2.5,0,180,0,90,0,360
592,5,6,,,0.1,25,1,2,2.5,6,0,180,0,90,0,360
593,5,6,,,0.1,25,1,2,6,10,0,180,0,90,0,360
594,5,6,,,0.1,25,1,2,10,18,0,180,0,90,0,360
595,5,6,,,0.1,25,1,2,18,40,0,180,0,90,0,360
596,5,6,,,0.1,25,1,2,40,,0,180,0,90,0,360
597,5,6,,,25,50,1,2,0,2.5,0,180,0,90,0,360
598,5,6,,,25,50,1,2,2.5,6,0,180,0,90,0,360
599,5,6,,,25,50,1,2,6,10,0,180,0,90,0,360
600,5,6,,,25,50,1,2,10,18,0,180,0,90,0,360
601,5,6,,,25,50,1,2,18,40,0,180,0,90,0,360
602,5,6,,,25,50,1,2,40,,0,180,0,90,0,360
603,5,6,,,50,75,1,2,0,2.5,0,180,0,90,0,360
604,5,6,,,50,75,1,2,2.5,6,0,180,0,90,0,360
605,5,6,,,50,75,1,2,6,10,0,180,0,90,0,360
606,5,6,,,50,75,1,2,10,18,0,180,0,90,0,360
607,5,6,,,50,75,1,2,18,40,0,180,0,90,0,360
608,5,6,,,50,75,1,2,40,,0,180,0,90,0,360
609,5,6,,,75,99.9,1,2,0,2.5,0,180,0,90,0,360
610,5,6,,,75,99.9,1,2,2.5,6,0,180,0,90,0,360
611,5,6,,,75,99.9,1,2,6,10,0,180,0,90,0,360
612,5,6,,,75,99.9,1,2,10,18,0,180,0,90,0,360
613,5,6,,,75,99.9,1,2,18,40,0,180,0,90,0,360
614,5,6,,,75,99.9,1,2,40,,0,180,0,90,0,360
615,5,6,,,99.9,,1,2,0,2.5,0,180,0,90,0,360
616,5,6,,,99.9,,1,2,2.5,6,0,180,0,90,0,360
617,5,6,,,99.9,,1,2,6,10,0,180,0,90,0,360
618,5,6,,,99.9,,1,2,10,18,0,180,0,90,0,360
619,5,6,,,99.9,,1,2,18,40,0,180,0,90,0,360
620,5,6,,,99.9,,1,2,40,,0,180,0,90,0,360
621,5,6,,,0.1,25,2,,0,2.5,0,180,0,90,0,360
622,5,6,,,0.1,25,2,,2.5,6,0,180,0,90,0,360
623,5,6,,,0.1,25,2,,6,10,0,180,0,90,0,360
624,5,6,,,0.1,25,2,,10,18,0,180,0,90,0,360
625,5,6,,,0.1,25,2,,18,40,0,180,0,90,0,360
626,5,6,,,0.1,25,2,,40,,0,180,0,90,0,360
627,5,6,,,25,50,2,,0,2.5,0,180,0,90,0,360
628,5,6,,,25,50,2,,2.5,6,0,180,0,90,0,360
629,5,6,,,25,50,2,,6,10,0,180,0,90,0,360
630,5,6,,,25,50,2,,10,18,0,180,0,90,0,360
631,5,6,,,25,50,2,,18,40,0,180,0,90,0,360
632,5,6,,,25,50,2,,40,,0,180,0,90,0,360
633,5,6,,,50,75,2,,0,2.5,0,180,0,90,0,360
634,5,6,,,50,75,2,,2.5,6,0,180,0,90,0,360
635,5,6,,,50,75,2,,6,10,0,180,0,90,0,360
636,5,6,,,50,75,2,,10,18,0,180,0,90,0,360
637,5,6,,,50,75,2,,18,40,0,180,0,90,0,360
638,5,6,,,50,75,2,,40,,0,180,0,90,0,360
639,5,6,,,75,99.9,2,,0,2.5,0,180,0,90,0,360
640,5,6,,,75,99.9,2,,2.5,6,0,180,0,90,0,360
641,5,6,,,75,99.9,2,,6,10,0,180,0,90,0,360
642,5,6,,,75,99.9,2,,10,18,0,180,0,90,0,360
643,5,6,,,75,99.9,2,,18,40,0,180,0,90,0,360
644,5,6,,,75,99.9,2,,40,,0,180,0,90,0,360
645,5,6,,,99.9,,2,,0,2.5,0,180,0,90,0,360
646,5,6,,,99.9,,2,,2.5,6,0,180,0,90,0,360
647,5,6,,,99.9,,2,,6,10,0,180,0,90,0,360
648,5,6,,,99.9,,2,,10,18,0,180,0,90,0,360
649,5,6,,,99.9,,2,,18,40,0,180,0,90,0,360
650,5,6,,,99.9,,2,,40,,0,180,0,90,0,360
